PERIODO;GRUPO_ARANCELARIO;FOB_US_IVV_AY;CANTIDAD_MERCANCIA_AY;PESO_BRUTO_KG_AY;FOB_US_IVV_CL;CANTIDAD_MERCANCIA_CL;PESO_BRUTO_KG_CL;% FOB_US_IVV;% CANTIDAD_MERCANCIA;% PESO_BRUTO_KG
2002;S1;118677674,02;43947448,9335;48225008,76;2272148640,51;1871479311,1197;2050034114,45;0,05223147460694382;0,023482732976196453;0,02352400304954837
2002;S10;28026,36;74199,0;74761,0;1119805561,35;2450004255,2031;2714835658,19;2,5027880702978796e-05;3,0285253522487887e-05;2,7537946827265294e-05
2002;S11;1108249,74;840652,7092;844925,66;126646581,41;31658339,0404;31490794,66;0,008750727636399452;0,02655391074456629;0,026830877693703778
2002;S12;2,15;1,0;1,0;8392318,98;1073247,5083;1118149,32;2,5618663984576044e-07;9,317515226138074e-07;8,943349355164836e-07
2002;S14;66,85;2,5;3,0;350678060,51;4380185,1999;4245782,59;1,9063068816674287e-07;5,707521225488536e-07;7,065835182107147e-07
2002;S15;26545,66;2060,6;2145,0;4914038190,66;3329151251,2609;3334544524,93;5,40200522870472e-06;6,189565581376207e-07;6,432662643918448e-07
2002;S16;21806,75;885,4;1075,08;342762828,41;42212491,2217;48552126,86;6,362052180849548e-05;2,0974834092351464e-05;2,2142799286630465e-05
2002;S18;279,06;22,0;10,0;46427214,07;7023518,9956;946773,96;6,010698802199311e-06;3,1323329535781513e-06;1,056218318467483e-05
2002;S2;387508,31000000006;30331,0;32938,3;1828953403,57;2300538022,1513;2451447585,26;0,0002118743480526123;1,3184307195947407e-05;1,3436265249173815e-05
2002;S4;3366920,72;1445535,22;1600724,7;1609393925,47;1497566357,1747;1706874563,52;0,0020920426420876046;0,0009652562058933658;0,0009378103899438911
2002;S5;26660211,060000002;75100198,82;92316931,0;2494334187,98;14750619037,9158;15259524519,04;0,010688307600670936;0,005091325226891042;0,006049790796876533
2002;S7;4678,34;138,64999999999998;216,32;236749307,3;145238791,6097;160450364,99;1,9760733635734696e-05;9,54634767084774e-07;1,3482050976542311e-06
2002;S8;25344,29;10271,92;10605,24;29202626,24;9856390,349;9975571,07;0,0008678770803594685;0,0010421584004170613;0,001063121091071531
2002;S9;5175457,55;276274,5008;6050678,8;1128311469,67;2998466194,4869;5370775268,54;0,004586905025004911;9,213860783488883e-05;0,0011265931820760816
2003;S1;149088138,15;44333341,7973;48395121,69;2676720558,36;1975363571,3173;2135612102,04;0,05569805846350462;0,0224431301867816;0,022661007419732985
2003;S10;833,84;198,79;366,79;1226729755,17;2661797893,109;2747500878,52;6,797259106871884e-07;7,468260475922602e-08;1,334995023541464e-07
2003;S11;1079291,99;525304,295;520406,05;141121274,81;34782687,9851;34271269,65;0,007647975058708301;0,015102464054101476;0,015184907221550808
2003;S12;27,39;0,4;0,6;6689385,15;1115988,8413;1068278,29;4,094546716300227e-06;3,584265229158076e-07;5,616514026508953e-07
2003;S15;36590,0;2047,77;2352,16;5555244299,16;3269734211,356;3278769036,49;6,5865690201118105e-06;6,262802624408924e-07;7,17391183649228e-07
2003;S16;70855,0;1904,6299999999999;6629,84;352498271,84;57903585,3706;55803649,79;0,00020100807765707657;3,2893127218458185e-05;0,000118806565967448
2003;S18;18,99;6,0;0,6;60533218,34;9856176,2745;972603,02;3,137120496937384e-07;6,087553461805732e-07;6,169012306788847e-07
2003;S2;282059,51999999996;219953,2;224314,22;2405801211,97;2518817411,3877;2676663895,62;0,00011724140739335417;8,732399538195208e-05;8,380365587441143e-05
2003;S20;32395,0;104,0;8590,0;89434384,28;44480681,3536;32677349,45;0,00036222086461263215;2,338093681012889e-06;0,0002628732178276473
2003;S4;3907603,91;2366217,31;2565329,09;1812508133,5;1638579830,8721;1871446642,36;0,0021559097240873154;0,001444065931618742;0,0013707733001486887
2003;S5;60720608,42;78659791,0;85987704,0;3885059072,55;17709967885,97;18027813043,77;0,015629262589344717;0,004441554694309469;0,004769724635552252
2003;S7;14737,2;5068,8;5699,94;282580491,77;187278623,0617;183201568,1;5,2152220090249585e-05;2,706555567919813e-05;3,111294329581669e-05
2003;S8;20632,23;1273,3;1571,7;25798455,38;9075143,9075;9074087,79;0,0007997467172393171;0,00014030631502688376;0,0001732074932900776
2003;S9;4897998,88;523215,8579;5420111,82;1239334668,84;3430514213,693;5722632607,29;0,003952119635759451;0,00015251820144384428;0,0009471360808826655
2004;S1;182240562,96;51957966,9236;56647561,41;3288958299,19;2251513642,4039;2572305531,51;0,05540981258560863;0,023076905218360314;0,0220220967984105
2004;S10;954,36;322,73;370,48;1607619382,44;3147497329,4888;3236538565,61;5,936479806255501e-07;1,0253543250898202e-07;1,1446797017546879e-07
2004;S11;1389806,83;698579,284;705720,0;175537151,05;39130434,8762;38331292,37;0,00791745121580632;0,017852581659522814;0,018411067208167813
2004;S12;17938,6;1133,0;1142,0;6458185,03;850482,4382;1075035,69;0,0027776534609445834;0,001332185062395801;0,0010622903133569454
2004;S13;10250,0;18720,0;19045,0;62162486,24;93009025,4197;146466341,97;0,00016489044470368019;0,00020127078974891576;0,00013002987405735098
2004;S15;31462,46;3029,27;3174,0;10230297446,11;3674735659,5809;3683087284,0;3,0754198659163505e-06;8,243504514677078e-07;8,617770243427117e-07
2004;S16;33403,97;1081,0;1362,52;445205577,87;54244022,2612;67907686,09;7,503043910594031e-05;1,992846317322645e-05;2,006429726075798e-05
2004;S2;399823,71;155669,5743;161221,49;2757515260,78;2845398272,695;3000728112,07;0,00014499419665474654;5,4709239052344896e-05;5,372745679673862e-05
2004;S20;83723,0;957,0;12419,0;95910401,65;47984320,0978;35505713,41;0,0008729293023453833;1,9944015004265463e-05;0,00034977469278232425
2004;S3;979,0;55,0;60,0;30224822,13;36546411,6103;38116205,3;3,2390595907867464e-05;1,5049357126076686e-06;1,57413361397757e-06
2004;S4;4218608,22;2351697,51;2560699,02;2083294882,6;1700158743,5741;1975054609,22;0,002024969319146543;0,0013832223131448448;0,0012965206167191935
2004;S5;61919231,900000006;69955840,8;77506592,0;7657769017,6;18046543296,2165;18430042773,8;0,008085805638390219;0,003876412211011424;0,004205448297178276
2004;S8;19914,54;5677,0;5797,0;31892526,49;12574130,098;12772749,63;0,0006244265410030864;0,0004514825244970994;0,00045385685681838576
2004;S9;4608923,42;773587,8096;4138797,4;1703473660,88;3338904518,6253;5945059947,74;0,0027056029839751493;0,00023168910799476923;0,0006961742078939597
2005;S1;230078250,62;60162491,5544;65875932,62;4052913308,15;2532667484,0658;2715633349,32;0,05676860893060205;0,02375459547410407;0,02425803639379206
2005;S11;1455356,45;836680,755;845298,5;184791055,97;42031336,8632;41202079,99;0,007875686636242126;0,019906118088110235;0,020515918133384506
2005;S15;36584,24;1420,53;1772,33;13045917744,97;3517190851,5147;3531079259,7;2,80426725931991e-06;4,038819785364334e-07;5,019230296605058e-07
2005;S16;75065,83;1445,84;2336,67;547624863,45;58601103,0162;74736181,97;0,0001370752772748306;2,4672573135701974e-05;3,1265578979375314e-05
2005;S17;45000,0;1,0;1409,83;403434215,63;7893445,7588;318632297,27;0,00011154234880581043;1,2668738476921197e-07;4,424629932619009e-06
2005;S2;134974,66999999998;32898,06;45090,1;2980105343,0;2800103639,2803;2949129511,14;4,529191235371708e-05;1,1748872269762008e-05;1,5289291239898858e-05
2005;S20;145399,82;430,0;22136,4;102068203,05;55277316,5631;31567093,17;0,0014245359049651655;7,778959376748102e-06;0,000701249237007273
2005;S4;3257825,16;1485741,28;1627199,69;2326437644,44;1882833793,0554;2169662324,02;0,0014003492282657745;0,0007890984777732232;0,0007499783132082448
2005;S5;88502571,73;66172569,4144;72111883,0;11782331382,93;20032702418,8724;20323024863,43;0,007511465163695931;0,0033032272945890803;0,0035482849371385053
2005;S8;80009,1;21870,0;22335,0;32268430,72;11440652,449000001;11649310,89;0,0024794853116426978;0,0019116042636109973;0,001917280791190216
2005;S9;1991379,02;751348,9449;1628110,6;1770654693,79;3609738392,0594;6296746427,29;0,0011246569006278409;0,00020814498539639217;0,0002585637866793864
2006;S1;271045508,69;62110594,1866;67759292,22;4871747453,94;2636223660,331;2940162532,44;0,05563619856172828;0,02356044182487972;0,02304610424504917
2006;S11;1046139,6799999999;650110,551;656509,12;186301126,46;39816384,3296;37746853,87;0,005615315912889086;0,01632771438055212;0,017392419571204916
2006;S16;26343,0;1,0;10630,0;788976250,98;133024089,5715;91643381,2;3,338883770871295e-05;7,517435400018306e-09;0,00011599310131084513
2006;S2;681045,22;32806,99;38515,12;3309404256,44;2991466099,7204;3129275856,09;0,00020579088175000279;1,0966860029958667e-05;1,2307997687402438e-05
2006;S20;132696,0;108,0;20812,0;105204518,62;44154246,8609;33252281,4;0,0012613146444716843;2,445970833569748e-06;0,0006258818680633444
2006;S4;4306770,88;1680434,5;1861927,17;2601454774,73;1840394953,6224;2098565371,97;0,001655524025185866;0,0009130836273444707;0,0008872381079328211
2006;S5;203229732,42000002;83625180,0;91157020,0;16532774100,75;18503196444,7293;18821028644,38;0,012292536702039654;0,0045194991173441775;0,004843360143719864
2006;S8;197511,74;120145,0;126407,0;40131664,37;16071648,2283;16269582,4;0,004921593537188251;0,0074755867160183915;0,007769529474831511
2006;S9;1138732,45;231834,0647;957442,17;1953713719,25;3857054327,126;6631867931,59;0,0005828553276665025;6,0106507463364173e-05;0,0001443699090326203
2007;S1;251073294,64;60059736,4372;65509476,44;5416111549,7;2671625716,6866;3069822135,78;0,04635674364090729;0,022480595265300562;0,02133982802340922
2007;S10;133,06;3,8692;5,03;2949903314,49;4499204586,5938;4645693501,54;4,510656310205352e-08;8,599742300070077e-10;1,0827231711116127e-09
2007;S11;654858,65;418548,5;422431,0;236639334,56;40030893,1167;38327534,11;0,0027673279728309933;0,01045563731940297;0,011021606524114578
2007;S14;2219730,64;780,446;806,6;1063243234,12;2453789,1438;2643197,02;0,0020876978745481265;0,0003180574834524622;0,00030516075566701416
2007;S15;8989,0;262,8315;277,59;26146296826,78;3899305189,2865;3910773989,61;3,4379629587900707e-07;6,740470089957059e-08;7,09808341615984e-08
2007;S16;67967,11;3296,4694;15093,48;1105021524,23;73293358,2683;100562927,74;6,150749873162947e-05;4,497637272851981e-05;0,00015008990230498635
2007;S2;415566,44;71187,33;81131,67;3843363223,47;3003678375,3815;3233401488,41;0,00010812572630718045;2,3700050772233043e-05;2,5091740166141838e-05
2007;S20;103371,0;459,8154;22947,0;75227820,07000001;39911757,4414;21528246,62;0,0013741060142884983;1,1520800623102578e-05;0,001065901947568826
2007;S4;2978175,71;831237,3;932019,22;3150149687,02;1974310429,3808;2334444135,29;0,0009454076808703382;0,00042102664688890883;0,0003992467439724011
2007;S5;131953637,33;70817551,0;77591496,0;19042973459,38;18171807839,3236;18609238522,54;0,006929255959499517;0,003897110932834738;0,004169514830282772
2007;S8;181750,65;84639,0;89054,0;49731317,63;17625683,8361;17828603,51;0,0036546518101977744;0,004802026451118273;0,004995007037430044
2007;S9;1118570,82;8062,698299999999;1021694,53;2001827590,57;3843991927,1617002;6975458210,07;0,0005587748042185284;2,097480549589311e-06;0,00014646988043381126
2008;S1;344952929,79;77984362,665;85078695,29;6647546802,82;2618268881,884;3108705527,27;0,05189176398783161;0,029784703627874012;0,027367884974526465
2008;S11;1021970,76;465510,14;469688,3;198710791,60999998;32793932,8578;31570474,03;0,0051430058313378995;0,01419500802232322;0,014877454787459837
2008;S14;901618,99;1310,01;1321,29;1105865780,86;2410980,7908;2539090,75;0,0008153059852334313;0,0005433514879085033;0,000520379194796405
2008;S15;87341,59;9472,85;10990,85;24715710286,89;3904320371,3873;3918336649,27;3,5338490776180024e-06;2,4262481300001686e-06;2,804978485462099e-06
2008;S16;725,0;152,0;210,0;1351777275,03;77651830,2002;108315223,63;5,36330957319807e-07;1,957455472821663e-06;1,938785638456056e-06
2008;S2;1083599,35;611092,22;626852,02;4732068869,79;3084690054,1184;3324768037,1;0,0002289906127355429;0,00019810490171747554;0,0001885400764820773
2008;S20;191320,0;1094,6154000000001;24439,06;103795217,31;29965948,7174;21136975,24;0,0018432448522998327;3,652864156990303e-05;0,0011562231455781373
2008;S4;2933194,21;1585421,57;1656922,16;3614351865,74;1946247162,8045;2305955393,99;0,0008115408568278562;0,000814604434780751;0,0007185404211713844
2008;S5;109624076,83;91745726,0;100561142,0;15250750006,93;20183435722,269;20631490213,49;0,00718811053752677;0,004545595074220894;0,0048741579478465205
2008;S6;752386,26;881228,0;882102,8;3047919975,85;2561574151,2439;2579505669,53;0,000246852366847386;0,00034401814976625834;0,000341965831058136
2008;S7;46034,29;9986,0;9986,0;590711127,07;159511498,2707;203711043,69;7,793029095005498e-05;6,260363740708645e-05;4,902041548221769e-05
2008;S8;17335,2;1082,7;1475,68;40219376,3;14638879,9141;13505940,22;0,00043101613189362167;7,396057665294159e-05;0,00010926155276585401
2008;S9;733896,7;27629,1139;625961,0;2116302223,67;4864556142,5285;7795455712,51;0,00034678255864954293;5,6796782872854125e-06;8,029819206021139e-05
2009;S1;343762556,79;65811565,2202;72147716,46;5362965230,44;2270071094,1648;2562244762,47;0,06409934467574319;0,028990970982965297;0,0281580110990059
2009;S10;1650,0;432,1;442,0;2650959462,14;5024672174,1998;5183817169,53;6,224161567027621e-07;8,599566001911632e-08;8,526535283652273e-08
2009;S11;813239,49;478288,92;482669,5;125975673,76;28339674,5403;27508539,52;0,006455528005742813;0,01687700821404482;0,017546169604863122
2009;S14;1248458,47;96,0395;118,44999999999999;1324375080,69;11443925,1444;11751649,05;0,0009426774092952221;8,392181772265105e-06;1,007943646853545e-05
2009;S15;665,28;28,0;30,0;19846409511,7;4070540071,3147;4079576686,42;3,352142862958659e-08;6,878694106788778e-09;7,353704147752217e-09
2009;S16;5200,0;2,0;2300,0;1262991786,87;64246398,8146;96133152,26;4,117208088016836e-06;3,113014950100985e-08;2,3925149086752728e-05
2009;S17;3200,0;3,0;8700,0;631862571,66;13799367,4564;193038932,3;5,064392390885108e-06;2,1740126925952915e-07;4,5068628884039885e-05
2009;S2;1370926,14;207685,05;229628,6;4277039667,75;3033111871,9861;3292380778,02;0,0003205315466997284;6,847259803312383e-05;6,974545639830153e-05
2009;S20;141292,0;1403,0;18378,0;58265253,660000004;17945535,9348;13038014,58;0,0024249787158654237;7,818100306936508e-05;0,0014095704439686246
2009;S3;17466,5;21490,0;21490,0;88135268,4;92407242,8712;95016256,59;0,00019817832653244634;0,00023255752830926262;0,0002261718233410357
2009;S4;6393919,84;3824195,212;4001752,87;3472276154,46;2103286979,4911;2463355571,41;0,0018414203120875813;0,0018181994417734101;0,0016245128865864204
2009;S5;42908491,51;43023883,0;47018233,0;12358446574,03;22994933289,8564;23700376495,97;0,003471997168330829;0,0018710157780270158;0,001983860172347682
2009;S6;99550,0;23000,0;23500,0;1952774410,98;2379141592,9454;2392373479,18;5,097875076621924e-05;9,667352320769517e-06;9,82288100269978e-06
2009;S8;54543,02;5552,6;5613,5;23327844,63;13304780,3287;13332532,0;0,002338107993477321;0,00041733872058168287;0,00042103780437204274
2009;S9;303224,52;475,5543;291715,42;1514990669,6;4268134289,4497;6290318596,35;0,0002001494306760713;1,1141971356794265e-07;4,637530127158739e-05
2010;S1;266240197,42;47966413,2716;52683109,38;5379635414,79;1984589225,0353;2144708198,04;0,049490379345789356;0,024169441548160586;0,024564231827968904
2010;S11;1007215,5;468565,025;473614,8;150641223,75;28982457,2147;27930536,46;0,006686187717590153;0,016167194573217285;0,01695688160799472
2010;S14;1119519,92;43,3893;55,0;1547927779,26;7583244,107;2612858,07;0,0007232378247874044;5,7217332566081935e-06;2,1049746494649825e-05
2010;S15;35926,6;83840,0;84346,0;28992685757,21;4157831070,8431;4169878221,74;1,2391608111389146e-06;2,0164359391109035e-05;2,0227449223877872e-05
2010;S16;114452,83;14,0;11100,0;739828840,24;60985956,0945;93871524,31;0,00015470176853726273;2,2956104809288358e-07;0,00011824672158666047
2010;S17;101274,48;19306,0;58100,0;638721658,83;16353740,3955;350629747,77;0,00015855808019022392;0,0011805250378875015;0,00016570185607329423
2010;S2;1380094,11;206785,02000000002;199943,4;4977700895,67;3202378487,3593;3458223773,81;0,00027725533111089815;6,45723236076683e-05;5,7816790664103854e-05
2010;S20;52671,0;43,0;8752,0;61947910,589999996;17773119,7648;15033843,63;0,0008502465942491767;2,4193839105930242e-06;0,0005821531881930317
2010;S4;2664860,77;1533761,6300000001;1554760,11;3565850368,58;1894523608,7765;2280184237,66;0,0007473282652242097;0,0008095764143000134;0,0006818572307979579
2010;S5;67045544,24;60749154,0;66254402,0;16891540756,789999;23637950361,3642;24349709234,88;0,003969178727112225;0,002569983990629466;0,0027209524910914817
2010;S6;156200,89;208649,45;212947,32;2569045811,69;3289294692,4566;3303476637,45;6,080113063349622e-05;6,343288440482382e-05;6,4461578927459e-05
2010;S8;31022,5;5576,0;5660,0;35832896,1;14336305,0323;14537776,49;0,0008657547498651664;0,0003889426171832389;0,00038933051446301333
2010;S9;181090,83;16832,75;135792,0;1827169996,54;5287979512,7727;7276486773,33;9,911000637210584e-05;3,1832101390222506e-06;1,8661753155067768e-05
2011;S1;293805852,95;48222018,2974;53026316,67;7582310446,23;2188931910,202;2668210271,82;0,038748855646774945;0,02202993070394316;0,019873365015505497
2011;S11;1711265,1199999999;463024,0;467047,5;148746985,41;24839775,0542;24155087,18;0,011504536480407586;0,018640426452723055;0,019335368012528116
2011;S14;1039047,17;28,889;41,5;2130333470,28;1472988,8362;1594935,52;0,0004877392128958257;1,9612504378870593e-05;2,6019860664962807e-05
2011;S15;134178,62;127373,6;128429,0;31783820479,6;4109171696,833;4124648227,39;4,221601367466843e-06;3,09973905685588e-05;3,113695833432745e-05
2011;S16;6600,0;6,0;9000,0;939700118,93;49005626,494;94419489,63;7,023517255180476e-06;1,224349208296441e-07;9,531930362331064e-05
2011;S19;2000,0;1,0;6,7;1913431,44;8269,3;11931,2;0,0010452425721613522;0,00012092922012745941;0,000561552903312324
2011;S2;1491345,78;280507,44;276543,8;5754236439,56;3449008862,0995;3736980489,1;0,00025917353165175747;8,132986930896081e-05;7,40019384116725e-05
2011;S4;6815679,96;4025526,25;4087027,65;4022783433,56;1965053687,0535;2347934832,59;0,0016942696698858581;0,0020485578976908647;0,0017406904115356606
2011;S5;100794675,65;56673946,0;61843036,0;17950587749,56;25924381981,1214;26657858377,69;0,005615118404826085;0,0021861252484734637;0,002319880131547121
2011;S6;952800,0;1036000,0;1039864,0;3100293860,99;2941751758,5832;2956643989,5;0,00030732570611733805;0,00035217111606281694;0,0003517041631298505
2011;S7;198887,93;45389,46;56550,86;903080425,58;202356238,64;254396109,49;0,00022023279916876169;0,00022430472272589382;0,00022229451587671762
2011;S8;20707,5;3315,0;3365,0;41502116,33;11195461,9182;10813139,57;0,0004989504591849329;0,00029610211925342193;0,00031119546531479755
2012;S1;213264603,27;47872786,7477;52970578,0;6865548289,84;2253936750,9969;2314175270,3;0,031063011177941927;0,02123963182486208;0,022889613712419075
2012;S11;928690,36;333874,0;337265,0;135370166,79;21368080,9388;21196818,91;0,006860376861621801;0,015624894016277995;0,0159111139002508
2012;S14;1061663,32;28,859;43,599999999999994;2160878050,53;1249653,0971;1330888,87;0,0004913110759487816;2,309360899194462e-05;3,27600605751553e-05
2012;S16;298000,0;2,0;9870,0;951425098,68;136729712,2629;91487430,16;0,0003132143564569013;1,4627398587327215e-08;0,00010788367301102034
2012;S17;8907,15;1,0;17000,0;1320821942,97;17469704,7462;953692180,91;6,743641750811153e-06;5,724195196930958e-08;1,7825458088351773e-05
2012;S2;313405,06;40811,24;46410,0;5816532428,32;3389325341,9306;3574288323,02;5,3881769570142564e-05;1,2041110215979866e-05;1,29844029932054e-05
2012;S20;108501,98999999999;21501,0;30332,03;92310023,95;22498225,1925;22189147,06;0,00117540853481709;0,0009556753839928478;0,00136697593278288
2012;S4;14526829,69;8451507,459999999;8580197,86;4146350895,05;2017979377,2085;2393765899,79;0,003503521544050319;0,004188103979383125;0,0035843930522833174
2012;S5;178377466,05;68238357,0;74512853,5;19189015964,35;26139875141,5303;27017645434,02;0,009295811019251622;0,0026105081462912123;0,002757932910251873
2012;S6;54434,0;50000,0;50200,0;3535121823,31;3049174388,1015;3066456777,34;1,5398054924464368e-05;1,6397881405245365e-05;1,6370685662670915e-05
2012;S9;170,0;121,4865;121,97;2092080287,74;5134329075,8921;7255827819,48;8,125883169791966e-08;2,3661611518130337e-08;1,6809935824626718e-08
2013;S1;174235756,37;39161914,121700004;43389349,67;7292266570,07;2084760954,9762;2175721217,62;0,02389322369057711;0,01878484630490745;0,019942513461105642
2013;S11;381845,16;143788,04;159735,0;127109396,45;20738996,3046;20373540,9;0,003004067131655395;0,006933220773471433;0,007840316064057377
2013;S14;1687948,99;58,342;79,4;1692872340,73;863195,8543;997203,96;0,0009970917176614293;6,758836909302797e-05;7,962262805294116e-05
2013;S15;50452,63;6192,3;6743,13;24864232770,3;3941134730,4295;3952384272,19;2,0291247458182182e-06;1,5711972372294846e-06;1,7060916994955197e-06
2013;S16;21265,54;1517,8985;1714,64;1123198436,76;54880179,6985;101489541,02;1,8933021364722508e-05;2,7658409800022714e-05;1,6894745830628056e-05
2013;S17;15000,0;1083,8462;1409,0;1922908234,32;16973352,9717;1425300370,23;7,800684261620247e-06;6,385575094132065e-05;9,885635543423246e-07
2013;S2;291313,88;76419,85;82511,09999999999;6526863171,43;3511646385,2881;3699534066,04;4,463306068298881e-05;2,1761829528211574e-05;2,230310588498521e-05
2013;S4;2351965,34;777484,84;792256,04;4272039405,46;2042197510,6118;2414141938,84;0,000550548606128025;0,00038070991466789206;0,0003281729326903954
2013;S5;147960361,92;69089976,0;74801289,0;19750256365,04;29823338795,8203;30896929850,75;0,007491566650340051;0,002316641220924696;0,0024209942334508117
2013;S6;145051,0;119390,0;119887,8;3124152463,36;2779633226,8518;2795128804,1;4,6428912065321824e-05;4,2951709904266966e-05;4,289169065273274e-05
2013;S7;87694,26000000001;17838,01;19929,07;857656252,71;174357716,6486;245169951,32;0,0001022487269496444;0,00010230697179839002;8,128675595317241e-05
2013;S9;775,0;7,25;800,0;2221912506,12;4667885489,2419;6886012913,01;3,4879861284607405e-07;1,5531657785327236e-09;1,1617753409792918e-07
2014;S1;117545503,46;23473646,5971;25824181,03;8435757699,54;2155998042,1837;2254243335,34;0,013934196268630348;0,010887601072830634;0,01145580897374818
2014;S11;239901,89;76842,83;77645,35;144483826,61;308241324,8154;20367022,19;0,0016604065356571607;0,0002492943801290101;0,0038123074289241497
2014;S14;963877,33;69,17699999999999;80,0;1280621234,84;659106,244;801496,73;0,0007526638663932715;0,00010495576491610356;9,981325812770316e-05
2014;S16;14550,89;120,7692;613,0;1317578088,88;64027238,5839;120629130,12;1,1043664222109903e-05;1,886215971062792e-06;5,081691291234522e-06
2014;S17;37457,39;5,0769;5057,0;1678198483,11;14696643,905199999;1282533016,93;2,2319999914780523e-05;3,4544621430227894e-07;3,9429784132224085e-06
2014;S2;1457983,4200000002;1816877,994;319148,55;6624314998,93;3149239555,2998;3283194069,11;0,00022009572615968632;0,0005769259410394512;9,720672713279906e-05
2014;S3;52020,0;36000,0;38200,0;244280415,34;123720090,1738;128995224,77;0,00021295198768839623;0,00029097941934432616;0,0002961349931217303
2014;S4;1436463,54;234965,65;246751,05;4271868524,6;2037750466,8391;2421520644,99;0,00033626117745150046;0,00011530638997446629;0,00010189921383099296
2014;S5;133866915,39;543920345,0;548775867,5;19089614941,13;36058023951,7361;36784433105,05;0,007012551892891969;0,01508458549276136;0,014918698513928179
2014;S6;848804,35;441908,0;441908,0;2986648697,52;3025445017,4355;3040402618,95;0,0002841995949188182;0,00014606380134271307;0,00014534522409818623
2014;S7;10080,0;2112,0;2112,0;903178214,5600001;180143020,9443;264453943,26;1,1160588062800715e-05;1,1724017888281266e-05;7,986267755983394e-06
2014;S8;62165,4;41757,4;44439,2;63038103,35;13858362,2927;13880679,43;0,0009861559389698865;0,0030131554593572744;0,003201514754670766
2015;S1;253162334,7;51833478,2224;58838683,85;6814114652,03;2093308715,6222;2201797031,61;0,037152637962230374;0,024761506907973387;0,026723028056303593
2015;S11;645999,01;151704,13199999998;153282,95;123434872,45;19488229,3897;20126412,25;0,0052335211045134436;0,007784397903289218;0,007616009654179672
2015;S15;16582,76;222,069;274,28;18072328629,65;3787697077,1047;3796989127,38;9,175773825180352e-07;5,86290285309058e-08;7,223618261695123e-08
2015;S16;6720,0;14,931;1717,92;946444037,7;49211360,0934;84346916,58;7,100261328002658e-06;3,034055545642697e-07;2,036731240045527e-05
2015;S2;1016095,09;186977,261;212845,25;6089100201,11;3159510971,6099;3317299710,37;0,00016687113964962723;5,91791776259373e-05;6,416220076064818e-05
2015;S3;230480,0;172000,0;172000,0;232475265,24;116862127,1178;121367112,53;0,0009914173009419297;0,0014718198636468395;0,0014171878725176424
2015;S4;1774759,25;607695,39;621386,29;4035639447,66;2013514417,04;2410692590,25;0,00043977150907994653;0,00030180831329400297;0,000257762558574737
2015;S5;121823561,96;568495070,0;576330228,0;14123244649,22;35305259983,9925;35501744157,17;0,00862574889734903;0,016102276835172923;0,01623385672119445
2015;S6;2009738,47;935067,0;936546,6;2569652730,62;2779078429,0168;2794659542,0;0,0007821050860499329;0,00033646657475975373;0,00033512010530261575
2015;S7;1008,0;1512,0;1512,0;851711172,88;170496703,1494;254487747,46;1,1834997967580027e-06;8,868206669516008e-06;5,941346941418678e-06
2016;S1;361690870,44;55633478,189;65603958,6;6942238766,0;2046456744,9961;2148403986,3;0,052100033235877904;0,027185269527456358;0,030536137066559676
2016;S11;26627,0;14631,0;14811,0;106492326,05;16311213,2152;16485175,79;0,0002500367959612241;0,0008969902978379161;0,0008984435585445462
2016;S15;88972,73000000001;6862,0;7595,0;17450198160,62;3815176356,4164;3752230729,71;5,098665882246855e-06;1,7986062396458877e-06;2,0241292572610525e-06
2016;S16;13341,21;31,0;288,0;899168939,05;75704381,8508;86446031,59;1,4837267415059293e-05;4,094875255846556e-07;3,3315583688785034e-06
2016;S2;3143549,16;375639,0;417327,2;6754534892,32;3410616066,9109;3568209163,12;0,0004653983153709457;0,00011013816642816317;0,0001169570450951631
2016;S4;1619375,5899999999;1240599,97;1265899,24;3868326250,8;2058041162,588;2461470716,66;0,0004186243571532004;0,0006028061987059275;0,0005142857200908384
2016;S5;97838874,38;81576054,0;85088967,5;14477854550,02;33744699612,055;33780746023,64;0,006757829624684608;0,002417447923313493;0,0025188599280920013
2016;S6;497592,0;174000,0;174600,0;2764609593,64;3311663707,1948;3328101814,07;0,00017998635364093116;5,254156683300117e-05;5,246233731848434e-05
2016;S9;7559,24;15,113;11373,0;2290404556,92;6064653069,6999;8651824511,97;3,300395110183162e-06;2,4919809635125336e-09;1,3145204210123761e-06
2017;S1;415832705,01;54331414,0;62111793,1;7834598848,29;2054882281,7092;2155315577,72;0,05307645140003061;0,026440158876063928;0,028817957677318397
2017;S10;1292,0;1530,0;1550,0;3198766399,42;5021637432,5801;5169426673,87;4,03905705722764e-07;3,0468149493897077e-07;2,998398270807892e-07
2017;S11;582064,29;183645,5;185621,0;186427508,81;18693384,8302;18384734,22;0,0031222017271776044;0,009824090268730382;0,0100964744868637
2017;S15;80499,0;1900,0;2674,5;18326792758,88;3544082481,4583;3553808070,86;4,392421579656664e-06;5,361049044259822e-07;7,52572999631009e-07
2017;S16;415641,45;61408,0;62131,0;866720209,84;419484406,5277;175386496,85;0,00047955666117065513;0,00014638923174357618;0,00035425190146273224
2017;S2;1976732,8;379620,9;423419,1;6548338901,23;3451751732,3628;3535409917,11;0,000301867821720208;0,00010997920170236031;0,00011976520684371486
2017;S20;14416,65;216,0;274,0;48550819,72;10034036,9882;11709029,58;0,0002969393736942656;2,1526729496215273e-05;2,3400743684857954e-05
2017;S4;1123521,68;527111,15;551116,07;4091230978,38;2152635643,4395;2571735183,98;0,00027461702503163963;0,0002448677980439724;0,0002142973636761062
2017;S5;65532054,06;54244192,0;54430219,0;18240777290,9;33699462017,353;33914761017,21;0,0035926130238261708;0,0016096456368374016;0,0016049123557845347
2017;S6;24300,0;54000,0;54000,0;3021993736,71;3066082814,924;3083624018,32;8,041049094448174e-06;1,761204874739775e-05;1,7511862561448047e-05
2018;S1;317186480,83;45874078,196;52142148,61;8962638128,78;2210952171,7578998;2326849756,91;0,03538985690066855;0,02074856199151794;0,022408902188529572
2018;S11;1669844,49;435641,0;439652,0;122821543,07;23653326,6151;18904636,38;0,013595697043541468;0,018417747621253918;0,02325630555185532
2018;S16;8975,1;261,88;277,8;738392011,27;164331244,5283;77350313,11;1,2154925653330464e-05;1,5936105197262158e-06;3,5914528181022386e-06
2018;S17;15490,0;1,0;2210,0;888968679,15;14365929,5551;600840527,74;1,7424685889733465e-05;6,960913988646098e-08;3,678180645224929e-06
2018;S2;1760500,96;392268,47;436965,75;7277723265,46;3852155646,0418;4041642159,85;0,000241902707177026;0,00010183089834468838;0,00010811589267868717
2018;S20;67568,22;21014,0;21014,0;179678685,39000002;13810844,5429;14951922,2;0,0003760502802730351;0,0015215579275203023;0,0014054380245504489
2018;S4;1114944,09;810804,17;853196,55;4158930630,55;1977726254,2815;2384768899,24;0,0002680843199956316;0,000409967844763512;0,0003577690694775098
2018;S5;43472615,17;54606714,0;54711160,0;20778063049,34;36983260067,8018;37076271918,86;0,002092236175565021;0,0014765251602992524;0,001475638114849661
2018;S6;149531,0;254000,0;254816,0;3593696420,33;2762232526,1089;2780324647,37;4,160924644443644e-05;9,195460468992614e-05;9,164972883329966e-05
2018;S7;54153,68;15143,88;15560,97;724534580,83;178537296,7176;249438352,34;7,474271267765239e-05;8,482194072846144e-05;6,238403138098599e-05
2019;S1;322953568,49;48399365,22;54889307,04;9068758907,85;2294393761,37;2410630417,63;0,035611661063174635;0,021094620302271206;0,022769689886334446
2019;S11;92305,39;28360,0;28622,0;123467580,95;19525820,1357;19408384,03;0,0007476083137757467;0,001452435790297384;0,0014747234986569873
2019;S2;5145902,41;824186,8;938622,0;8612859211,63;3741079209,0936;3944726855,47;0,0005974673779703092;0,00022030723059715342;0,00023794347096515675
2019;S20;6667,0;1365,0;95,0;119634384,51;17206299,5167;14989084,09;5,572812554941275e-05;7,933140991037413e-05;6,337945629605177e-06
2019;S3;46935,0;43000,0;43000,0;246405869,07;142742000,621;149212415,44;0,0001904784174871521;0,00030124280038761;0,00028817977293109896
2019;S4;664937,65;207553,2;216743,52;3916322761,59;1962769053,7319;2358988893,5;0,00016978622306656867;0,00010574509497455643;9,18798391112476e-05
2019;S5;3124531,8200000003;4296599,0;4296599,0;20682509095,83;31620600840,379;31764274350,98;0,00015107121701350864;0,00013587973934111054;0,00013526513946217193
2019;S7;107730,0;73070,0;89170,0;750393193,34;195132950,4856;275291599,84;0,00014356473506974894;0,00037446264107707564;0,0003239110821101181
2019;S8;26917,0;2658,0;2758,0;385624624,38;14208125,306;14373514,84;6,980104043738557e-05;0,00018707605280462606;0,0001918806938108675
2020;S1;166332816,5;31906624,868;35768472,62;8181782247,2699995;2023877601,6668;2166158717,18;0,02032965574896594;0,015765096091642467;0,016512396961643215
2020;S10;3773,0;80,0;96,0;2644335534,96;4984667184,1829;5131196095,06;1,4268234685493771e-06;1,604921593438616e-08;1,8709088138810926e-08
2020;S15;31584,74;23032,24;23066,25;16549011718,78;3386458683,8017;3394572810,35;1,9085574738071695e-06;6,801275949465768e-06;6,795037634683033e-06
2020;S16;22598,67;1099,39;1246,21;1693584611,88;97079450,5703;72700998,36;1,334369115158283e-05;1,1324641760347394e-05;1,714158028241966e-05
2020;S2;4406610,1;840541,4;931665,33;7262106125,32;3648560738,6896;3843081942,38;0,0006067950569650792;0,0002303761565723269;0,0002424266107172892
2020;S4;380213,97;225741,05;233147,09;3894463059,2;2005950475,798;2392221845,32;9,762936872691854e-05;0,00011253570450696022;9,746048028786085e-05
2020;S5;23496497,66;44147368,0;44148918,0;21464149122,03;36326110487,683;36385618251,7;0,0010946857257846795;0,0012153067699050505;0,001213361765480989
2020;S6;20271,06;1168,37;1339,94;3136639286,14;2907649073,1451;2901539741,09;6,462668528565777e-06;4,0182634513600905e-07;4,61803083729825e-07
2020;S7;150978,1;183580,0;217860,0;622337676,73;184672223,3548;252903544,83;0,00024259836041632036;0,0009940856110628963;0,0008614351378366166
2021;S1;238357962,85999998;33309226,3374;37417917,28;9232782340,34;1894258184,1627;2022853490,95;0,02581648240731974;0,01758431169303531;0,018497591371497344
2021;S11;624785,28;180438,0;182206,0;98680240,71;21856137,0415;23968174,08;0,0063314122007070255;0,008255713242344148;0,007601997523542687
2021;S16;19539,99;2160,0;2163,0;2003166883,4;93534050,5707;77259109,0;9,75454923996873e-06;2,309319426263178e-05;2,7996698745257338e-05
2021;S2;5108210,62;1328152,48;1440710,06;7519217515,94;3645834258,745;3844646309,32;0,000679354016448001;0,0003642931591896303;0,00037473149519827155
2021;S4;943239,27;586893,9199999999;647140,28;4017344450,93;1963666528,4657;2357833640,79;0,00023479173407240292;0,0002988765717051593;0,0002744639268880622
2021;S5;44869557,93;48565469,0;48566371,0;33168868421,81;38427125493,1914;38524856940,78;0,0013527611903846643;0,0012638329923638169;0,0012606502621062476
2021;S6;68079,27;47056,0;47290,0;3925132228,97;2839173107,446;2868141844,06;1,7344452626979346e-05;1,6573839712904854e-05;1,6488026942579175e-05
2021;S7;27934,0;16400,0;23490,0;798006978,09;195079340,4263;280887664,4;3,500470643359409e-05;8,406835887471046e-05;8,362773797908372e-05
2022;S1;258777585,46;31643269,999;34476631,99;11881541138,71;2184600725,7121;2320125020,79;0,02177979964374352;0,014484692615253734;0,01485981646724397
2022;S11;416034,8;155873,0;157365,0;107391666,42;68795678,8208;20100740,65;0,003873995197848239;0,0022657382363508657;0,007828815999374631
2022;S15;2908,0;31,2;32,0;22555868837,33;3239239138,5057;3257252287,33;1,2892431770073316e-07;9,631891523264607e-09;9,824231338933436e-09
2022;S18;88,59;1,0;1,4;153217790,38;5702017,5693;1006478,38;5,781965643825388e-07;1,7537652030117538e-07;1,3909886469692473e-06
2022;S2;3794063,25;1630211,46;1497448,28;7939336955,05;3771684532,3326;3960066604,25;0,00047788162556656544;0,00043222370429580833;0,00037813714506541813
2022;S20;15304,62;3564,35;5363,0;90806825,0;12779986,3193;15990726,29;0,0001685404153267114;0,00027890092453520176;0,0003353818896489911
2022;S4;7713365,68;5100974,89;5501075,71;4125366108,83;1887197175,6942;2280713269,47;0,0018697408851762727;0,0027029369033066833;0,0024119979410118304
2022;S5;31032419,0;27468387,0;27468387,0;27246331674,760002;37084939672,0393;37233237348,97;0,001138957690541046;0,0007406884639132949;0,0007377383476637137
2022;S6;655,0;100,0;103,0;13691308428,62;3035273785,9048;3056151188,17;4,784057005324654e-08;3,294595712069859e-08;3,3702521131382774e-08
2022;S7;103071,86;73440,0;95130,0;843671652,6;167428999,8895;253606087,84;0,00012217058577511342;0,00043863368979369776;0,00037510929177700765
